{
  "cacheBootResources": true,
  "config": [ ],
  "debugBuild": false,
  "entryAssembly": "SEIIApp.Client",
  "icuDataMode": 0,
  "linkerEnabled": true,
  "resources": {
    "assembly": {
      "Microsoft.AspNetCore.Components.dll": "sha256-SM7cisUVMKUNuNx4cuJV6KDG8ZUzlv6fOpyX1aC1HXs=",
      "Microsoft.AspNetCore.Components.Forms.dll": "sha256-6ogoMfF0U7huwqEuMIKxA3rgPFjGDj\/PTKde2DMmUjU=",
      "Microsoft.AspNetCore.Components.Web.dll": "sha256-kjyaS5wJiLriJZe40qaoWOIwOSfjzmAFYL5IrUbh6wA=",
      "Microsoft.AspNetCore.Components.WebAssembly.dll": "sha256-ohA11CEpiqn90y3Ma3+wp5KZsOonQJCVRqbedsP6Qx4=",
      "Microsoft.Extensions.Configuration.dll": "sha256-pxM7vTYYgDtlhHO6Irwwyi50Y4BmYKcK2Pz3GQ5eQ7g=",
      "Microsoft.Extensions.Configuration.Abstractions.dll": "sha256-8oAxiHmn6h8g7PNL3XeI5JaZ9IQ1DtB6eCizdWvh0W0=",
      "Microsoft.Extensions.Configuration.Json.dll": "sha256-nrSGjFCEMsmMWsi8zwEOOg+Lez6CP688dUAXrWhj0gI=",
      "Microsoft.Extensions.DependencyInjection.dll": "sha256-N62CtC1YsqfPNpQ9l0rR5DdZhDAT1z7KcCYb3qj0sFk=",
      "Microsoft.Extensions.DependencyInjection.Abstractions.dll": "sha256-cniuatkpixkI510HeJZeJV2rgQS45bcYFDw6AVdysDk=",
      "Microsoft.Extensions.Logging.dll": "sha256-bjSOJknx2m5EvdFKnFL5X+hCnDgvTkh5W96jmhFoB64=",
      "Microsoft.Extensions.Logging.Abstractions.dll": "sha256-ngKpTn3PGZs0TkP2hflX2ObhBrR33CZ4oCQA\/ILmrSw=",
      "Microsoft.Extensions.Options.dll": "sha256-4tB2Y5dbvJREYCaEdotRvO2w4\/BIyimVkvbXP7zwlQQ=",
      "Microsoft.Extensions.Primitives.dll": "sha256-a2k+OaJVk2da50IO4Dngw6cc6+3LvMkIaVY3jcOOO\/k=",
      "Microsoft.JSInterop.dll": "sha256-bakD6JBVxfwh3Wri1MJq53pQXbLnKW4w8NcvgIOr7r8=",
      "Microsoft.JSInterop.WebAssembly.dll": "sha256-UwgpwjCHmUhISv5eMMiYhjnJhBAudE0gLHyB4B\/kLpQ=",
      "System.IO.Pipelines.dll": "sha256-qZYTUS+ga7CydtH54fYPbehFCvx3B49I74G8dxreTog=",
      "SEIIApp.Shared.dll": "sha256-kzszO6he2tyqAMzTwE0nrISwYUbl5aukUApT0XkjeTM=",
      "SEIIApp.Client.dll": "sha256-S1oMt85x2Qo713fhduN+EkTs0uLJCsl8oRvJi81VL8s=",
      "System.Collections.Concurrent.dll": "sha256-A+W3OqUbMs8TlqfbUV7LNM4yjHd\/IjU+VbZowhyIxmA=",
      "System.Collections.Immutable.dll": "sha256-eR70IrqxmCcBgNK3oGK7PstMGfyKl07v\/+viGedgFfA=",
      "System.Collections.NonGeneric.dll": "sha256-zGPFUpnHbR7BEO8L7OJDemVeZbJ8cveyTJUxLgowXB0=",
      "System.Collections.Specialized.dll": "sha256-sc3J2qTTKAVdGaHx1\/6R2l\/uzmZGCC9MlpX2wRwkd4s=",
      "System.Collections.dll": "sha256-nV1l5UUrkgoTSI9zP7F\/mhJmu9+3hmQ00M5IEa5\/12o=",
      "System.ComponentModel.Annotations.dll": "sha256-aOmCpeC42h+DPEE9LqhBhqbJ9DWxCIIf0OoTLsZ1Bbo=",
      "System.ComponentModel.Primitives.dll": "sha256-j+zIn42wUuYeZ6w03Nm9Vehmw6IVr\/DkWSmZ2oDF51o=",
      "System.ComponentModel.TypeConverter.dll": "sha256-VuXxsUqzo6AND9IsH8OphauYvs+KYi\/Q1iWbjimK2kg=",
      "System.ComponentModel.dll": "sha256-L3xHlETJrgxmGOvLSOc0EUna34jzrmrJvIq4IMFllOY=",
      "System.Console.dll": "sha256-lCWzKrWEIdRTVDoJhYETOhwe\/2VLQV65uuxJQquQ2RY=",
      "System.Linq.Expressions.dll": "sha256-Q+Hsf9\/9EEyiluTOdrbLXBBFcDcDXrJL+fTCrIHPu28=",
      "System.Linq.dll": "sha256-HEygWKZxRA\/de0AI2qTxWY2w4EwRAy7N\/IV8qsWM0bQ=",
      "System.Memory.dll": "sha256-9cOoXF2ZtjKE+fZ68+gPw0CouVQBz4\/WuwhGr\/A5jL8=",
      "System.Net.Http.Json.dll": "sha256-13dGdeE0ULbs2db9onlc2tKqERbUnIIt7GATIERQBDI=",
      "System.Net.Http.dll": "sha256-YRTlWl8KEhG5qPpgxXswh9Qb2DUlH3RhHSlbkvr5+Ew=",
      "System.Net.Primitives.dll": "sha256-QTatwIl1yeLrhRZCoyjip+PCj9yzf6e05pB7D0vHb64=",
      "System.ObjectModel.dll": "sha256-LhpK4jCghjMVxnSkBo4mi8VAec7QnzvRt788Gd8YwNY=",
      "System.Private.Runtime.InteropServices.JavaScript.dll": "sha256-kGzsqYUaqlX3fvYrGfn0wil67p4kJKhnEVGFTJ1UCbI=",
      "System.Private.Uri.dll": "sha256-80fRg\/WqvCMc2KdxHcTfED9DgplZng1iAO1MmZgfbAQ=",
      "System.Runtime.CompilerServices.Unsafe.dll": "sha256-gkjHVx0MKPYFt+eQo\/P6B4RJNmw09\/i3Q1EzaZi\/7GU=",
      "System.Runtime.InteropServices.RuntimeInformation.dll": "sha256-QRR6w4anKjEr0+o\/vqojnr0dtE+nLvFhSBXKTGl1hME=",
      "System.Text.Encodings.Web.dll": "sha256-q70eKNr+vTQbqqbmKv\/gVNsPU0nkd7iG9JoQ09yy6EM=",
      "System.Text.Json.dll": "sha256-UcsUJuWGhMAcwDQN6OMCiJHWcEREaxdMjfzleponG8I=",
      "System.Private.CoreLib.dll": "sha256-ykra2PkuaI7\/dVKvFVcDNZNRddXMNbFxnV9aTjv346w="
    },
    "lazyAssembly": null,
    "pdb": null,
    "runtime": {
      "dotnet.timezones.blat": "sha256-SQvzbzBfueaAxSKIKE1khBH02NH2MJJaWDBav\/S5MSs=",
      "dotnet.wasm": "sha256-YXYNlLeMqRPFVpY2KSDhleLkNk35d9KvzzwwKAoiftc=",
      "icudt.dat": "sha256-m7NyeXyxM+CL04jr9ui1Z6pVfMWwhHusuz5qNZWpAwA=",
      "icudt_CJK.dat": "sha256-91bygK5voY9lG5wxP0\/uj7uH5xljF9u7iWnSldT1Z\/g=",
      "icudt_EFIGS.dat": "sha256-DPfeOLph83b2rdx40cKxIBcfVZ8abTWAFq+RBQMxGw0=",
      "icudt_no_CJK.dat": "sha256-oM7Z6aN9jHmCYqDMCBwFgFAYAGgsH1jLC\/Z6DYeVmmk=",
      "dotnet.5.0.5.js": "sha256-Dvb7uXD3+JPPqlsw2duS+FFNQDkFaxhIbSQWSnhODkM="
    },
    "satelliteResources": null
  }
}