{
  "cacheBootResources": true,
  "config": [ ],
  "debugBuild": false,
  "entryAssembly": "SEIIApp.Client",
  "icuDataMode": 0,
  "linkerEnabled": true,
  "resources": {
    "assembly": {
      "Microsoft.AspNetCore.Components.dll": "sha256-SM7cisUVMKUNuNx4cuJV6KDG8ZUzlv6fOpyX1aC1HXs=",
      "Microsoft.AspNetCore.Components.DataAnnotations.Validation.dll": "sha256-GCL9VReI5djbyDoptQ+VzidlmkalOW6U6Pst53yFV0A=",
      "Microsoft.AspNetCore.Components.Forms.dll": "sha256-6ogoMfF0U7huwqEuMIKxA3rgPFjGDj\/PTKde2DMmUjU=",
      "Microsoft.AspNetCore.Components.Web.dll": "sha256-eaGBXvNzyDjDTPtlNkg5ZS+I+f6Q2DpVa3SjL0abhFc=",
      "Microsoft.AspNetCore.Components.WebAssembly.dll": "sha256-ohA11CEpiqn90y3Ma3+wp5KZsOonQJCVRqbedsP6Qx4=",
      "Microsoft.Extensions.Configuration.dll": "sha256-pxM7vTYYgDtlhHO6Irwwyi50Y4BmYKcK2Pz3GQ5eQ7g=",
      "Microsoft.Extensions.Configuration.Abstractions.dll": "sha256-8oAxiHmn6h8g7PNL3XeI5JaZ9IQ1DtB6eCizdWvh0W0=",
      "Microsoft.Extensions.Configuration.Json.dll": "sha256-nrSGjFCEMsmMWsi8zwEOOg+Lez6CP688dUAXrWhj0gI=",
      "Microsoft.Extensions.DependencyInjection.dll": "sha256-N62CtC1YsqfPNpQ9l0rR5DdZhDAT1z7KcCYb3qj0sFk=",
      "Microsoft.Extensions.DependencyInjection.Abstractions.dll": "sha256-QTDIyfgbpV8VB\/AqKv4Ebi9Hob360suQ0goGoI5OdWM=",
      "Microsoft.Extensions.Logging.dll": "sha256-bjSOJknx2m5EvdFKnFL5X+hCnDgvTkh5W96jmhFoB64=",
      "Microsoft.Extensions.Logging.Abstractions.dll": "sha256-ngKpTn3PGZs0TkP2hflX2ObhBrR33CZ4oCQA\/ILmrSw=",
      "Microsoft.Extensions.Options.dll": "sha256-4tB2Y5dbvJREYCaEdotRvO2w4\/BIyimVkvbXP7zwlQQ=",
      "Microsoft.Extensions.Primitives.dll": "sha256-a2k+OaJVk2da50IO4Dngw6cc6+3LvMkIaVY3jcOOO\/k=",
      "Microsoft.JSInterop.dll": "sha256-bakD6JBVxfwh3Wri1MJq53pQXbLnKW4w8NcvgIOr7r8=",
      "Microsoft.JSInterop.WebAssembly.dll": "sha256-UwgpwjCHmUhISv5eMMiYhjnJhBAudE0gLHyB4B\/kLpQ=",
      "System.IO.Pipelines.dll": "sha256-qZYTUS+ga7CydtH54fYPbehFCvx3B49I74G8dxreTog=",
      "SEIIApp.Shared.dll": "sha256-hvPv3zwd6+k4zDlExi78L0NY3TLH6myfqdfzoa7ZmaY=",
      "SEIIApp.Client.dll": "sha256-hM6F0MXjzMySufFn9t9kkGQKjLCtf28v3qcfndviFAI=",
      "System.Collections.Concurrent.dll": "sha256-A+W3OqUbMs8TlqfbUV7LNM4yjHd\/IjU+VbZowhyIxmA=",
      "System.Collections.Immutable.dll": "sha256-eR70IrqxmCcBgNK3oGK7PstMGfyKl07v\/+viGedgFfA=",
      "System.Collections.NonGeneric.dll": "sha256-zGPFUpnHbR7BEO8L7OJDemVeZbJ8cveyTJUxLgowXB0=",
      "System.Collections.Specialized.dll": "sha256-sc3J2qTTKAVdGaHx1\/6R2l\/uzmZGCC9MlpX2wRwkd4s=",
      "System.Collections.dll": "sha256-nV1l5UUrkgoTSI9zP7F\/mhJmu9+3hmQ00M5IEa5\/12o=",
      "System.ComponentModel.Annotations.dll": "sha256-0MxyeN0KlIQqE784GoRr+t2HCz73XOyjgkdB\/8QNeaE=",
      "System.ComponentModel.Primitives.dll": "sha256-j+zIn42wUuYeZ6w03Nm9Vehmw6IVr\/DkWSmZ2oDF51o=",
      "System.ComponentModel.TypeConverter.dll": "sha256-ioAq3c\/\/IOf1t1+D\/wqTXChsUoArB+dyRA5XhKBqZjc=",
      "System.ComponentModel.dll": "sha256-L3xHlETJrgxmGOvLSOc0EUna34jzrmrJvIq4IMFllOY=",
      "System.Console.dll": "sha256-Ecd3EVEsDiWCziu9B11vY6Ck86bLzw2jdQx6bb33nbg=",
      "System.Linq.Expressions.dll": "sha256-gNqA3IwFnrLwZq07SwJK2gU\/xritDhII3PWsCgi5IPU=",
      "System.Linq.dll": "sha256-HEygWKZxRA\/de0AI2qTxWY2w4EwRAy7N\/IV8qsWM0bQ=",
      "System.Memory.dll": "sha256-9cOoXF2ZtjKE+fZ68+gPw0CouVQBz4\/WuwhGr\/A5jL8=",
      "System.Net.Http.Json.dll": "sha256-cUxYlI++z5whOEYHUnm59+k9ayhNDYvTcjgUMh3H6ks=",
      "System.Net.Http.dll": "sha256-Rt\/AqqAiSP55q7IASK1u1UY74slyjcpuCTBHFOntL4w=",
      "System.Net.Primitives.dll": "sha256-QTatwIl1yeLrhRZCoyjip+PCj9yzf6e05pB7D0vHb64=",
      "System.ObjectModel.dll": "sha256-LhpK4jCghjMVxnSkBo4mi8VAec7QnzvRt788Gd8YwNY=",
      "System.Private.Runtime.InteropServices.JavaScript.dll": "sha256-kGzsqYUaqlX3fvYrGfn0wil67p4kJKhnEVGFTJ1UCbI=",
      "System.Private.Uri.dll": "sha256-80fRg\/WqvCMc2KdxHcTfED9DgplZng1iAO1MmZgfbAQ=",
      "System.Runtime.CompilerServices.Unsafe.dll": "sha256-gkjHVx0MKPYFt+eQo\/P6B4RJNmw09\/i3Q1EzaZi\/7GU=",
      "System.Runtime.InteropServices.RuntimeInformation.dll": "sha256-QRR6w4anKjEr0+o\/vqojnr0dtE+nLvFhSBXKTGl1hME=",
      "System.Text.Encodings.Web.dll": "sha256-q70eKNr+vTQbqqbmKv\/gVNsPU0nkd7iG9JoQ09yy6EM=",
      "System.Text.Json.dll": "sha256-5+7q0obo\/es7W5BXxPfORXdL7OdWPLToclqWJZvzVIM=",
      "System.Text.RegularExpressions.dll": "sha256-bV\/XAeduDgBBY\/I8BW1uPeK5tlPfNiwb48WKzYvDlmo=",
      "System.Private.CoreLib.dll": "sha256-N+YWPqykFrfT8vqktsXPlKwSpBzx6pAv\/jMD3z+79h8="
    },
    "lazyAssembly": null,
    "pdb": null,
    "runtime": {
      "dotnet.timezones.blat": "sha256-SQvzbzBfueaAxSKIKE1khBH02NH2MJJaWDBav\/S5MSs=",
      "dotnet.wasm": "sha256-YXYNlLeMqRPFVpY2KSDhleLkNk35d9KvzzwwKAoiftc=",
      "icudt.dat": "sha256-m7NyeXyxM+CL04jr9ui1Z6pVfMWwhHusuz5qNZWpAwA=",
      "icudt_CJK.dat": "sha256-91bygK5voY9lG5wxP0\/uj7uH5xljF9u7iWnSldT1Z\/g=",
      "icudt_EFIGS.dat": "sha256-DPfeOLph83b2rdx40cKxIBcfVZ8abTWAFq+RBQMxGw0=",
      "icudt_no_CJK.dat": "sha256-oM7Z6aN9jHmCYqDMCBwFgFAYAGgsH1jLC\/Z6DYeVmmk=",
      "dotnet.5.0.5.js": "sha256-Dvb7uXD3+JPPqlsw2duS+FFNQDkFaxhIbSQWSnhODkM="
    },
    "satelliteResources": null
  }
}